Failure Cause,Count
"kubectl dry-run failed: error: error when retrieving current configuration of: Resource: ""batch/v1, Resource=jobs"", GroupVersionKind: ""batch/v1, Kind=Job"" Name: """", Namespace: ""default"" from server for: ""STDIN"": resource name may not be empty",30
"kubectl dry-run failed: error: error when retrieving current configuration of: Resource: ""batch/v1, Resource=jobs"", GroupVersionKind: ""batch/v1, Kind=Job"" Name: """", Namespace: ""litmus"" from server for: ""STDIN"": resource name may not be empty",21
"kubectl dry-run failed: error: error when retrieving current configuration of: Resource: ""/v1, Resource=pods"", GroupVersionKind: ""/v1, Kind=Pod"" Name: """", Namespace: ""default"" from server for: ""STDIN"": resource name may not be empty",20
"kubectl dry-run failed: The ReplicationController ""zulip-1"" is invalid:  * spec.template.spec.containers[0].resources.requests: Invalid value: ""100m"": must be less than or equal to cpu limit of 50m * spec.template.spec.containers[1].resources.requests: Invalid value: ""100m"": must be less than or equal to cpu limit of 75m * spec.template.spec.containers[2].resources.requests: Invalid value: ""100m"": must be less than or equal to cpu limit of 75m * spec.template.spec.containers[3].resources.requests: Invalid value: ""100m"": must be less than or equal to cpu limit of 80m",18
can't remove a non-existent object 'clusterName',16
"kubectl dry-run failed: Error from server (BadRequest): error when creating ""STDIN"": ReplicaSet in version ""v1"" cannot be handled as a ReplicaSet: strict decoding error: unknown field ""spec.template.spec.volumes[0].ephemeral.volumeClaimTemplate.metadata.clusterName""",14
"kubectl dry-run failed: The StatefulSet ""mysql"" is invalid:  * spec.template.spec.containers[0].volumeMounts[0].name: Not found: ""data"" * spec.template.spec.containers[0].resources.requests: Invalid value: ""1Gi"": must be less than or equal to memory limit of 256Mi * spec.template.spec.containers[1].volumeMounts[0].name: Not found: ""data"" * spec.template.spec.initContainers[1].volumeMounts[0].name: Not found: ""data""",14
"kubectl dry-run failed: Error from server (BadRequest): error when creating ""STDIN"": Deployment in version ""v1"" cannot be handled as a Deployment: strict decoding error: unknown field ""spec.template.spec.securityContext.allowPrivilegeEscalation""",12
"kubectl dry-run failed: The Deployment ""testground-daemon"" is invalid: spec.template.spec.containers[1].resources.requests: Invalid value: ""2"": must be less than or equal to cpu limit of 500m",12
"kubectl dry-run failed: The CronJob ""tf-r2.4.0-keras-api-custom-layers-v2-32"" is invalid: spec.jobTemplate.spec.template.spec.containers[1].resources.requests: Invalid value: ""20G"": must be less than or equal to memory limit of 256Mi",11
"kubectl dry-run failed: The CronJob ""tf-nightly-retinanet-func-v3-8"" is invalid: spec.jobTemplate.spec.template.spec.containers[1].resources.requests: Invalid value: ""20G"": must be less than or equal to memory limit of 256Mi",11
"kubectl dry-run failed: The CronJob ""tf-nightly-maskrcnn-func-v3-8"" is invalid: spec.jobTemplate.spec.template.spec.containers[1].resources.requests: Invalid value: ""20G"": must be less than or equal to memory limit of 256Mi",11
"kubectl dry-run failed: The CronJob ""pt-1.6-python-ops-func-v2-8"" is invalid:  * spec.jobTemplate.spec.template.spec.containers[1].resources.requests: Invalid value: ""4500m"": must be less than or equal to cpu limit of 500m * spec.jobTemplate.spec.template.spec.containers[1].resources.requests: Invalid value: ""8Gi"": must be less than or equal to memory limit of 256Mi",11
"kubectl dry-run failed: The CronJob ""tf-r2.3.2-bert-mnli-conv-v2-32"" is invalid: spec.jobTemplate.spec.template.spec.containers[1].resources.requests: Invalid value: ""20G"": must be less than or equal to memory limit of 256Mi",11
"kubectl dry-run failed: The CronJob ""tf-r2.4.0-classifier-efficientnet-func-v2-8"" is invalid: spec.jobTemplate.spec.template.spec.containers[1].resources.requests: Invalid value: ""20G"": must be less than or equal to memory limit of 256Mi",11
"kubectl dry-run failed: The CronJob ""tf-r2.3.1-transformer-translate-conv-v2-32"" is invalid: spec.jobTemplate.spec.template.spec.containers[1].resources.requests: Invalid value: ""20G"": must be less than or equal to memory limit of 256Mi",11
"kubectl dry-run failed: The CronJob ""tf-nightly-keras-api-connection-v3-8"" is invalid: spec.jobTemplate.spec.template.spec.containers[1].resources.requests: Invalid value: ""20G"": must be less than or equal to memory limit of 256Mi",11
"kubectl dry-run failed: The StatefulSet ""release-name-triggerer"" is invalid:  * spec.template.spec.containers[0].volumeMounts[0].name: Not found: ""logs"" * spec.template.spec.containers[1].volumeMounts[0].name: Not found: ""logs""",9
"kubectl dry-run failed: The StatefulSet ""release-name-worker"" is invalid:  * spec.template.spec.containers[0].volumeMounts[0].name: Not found: ""logs"" * spec.template.spec.containers[1].volumeMounts[0].name: Not found: ""logs""",9
"kubectl dry-run failed: The Deployment ""study-builder"" is invalid: spec.template.spec.containers[0].resources.requests: Invalid value: ""500Mi"": must be less than or equal to memory limit of 256Mi",9
"kubectl dry-run failed: The StatefulSet ""postgresql-db"" is invalid:  * spec.template.spec.containers[0].volumeMounts[0].name: Not found: ""postgresql-db-disk"" * spec.template.spec.initContainers[0].volumeMounts[0].name: Not found: ""postgresql-db-disk""",9
"kubectl dry-run failed: The StatefulSet ""minio"" is invalid: spec.template.spec.containers[0].volumeMounts[0].name: Not found: ""data""",9
"kubectl dry-run failed: Error from server (Forbidden): error when creating ""STDIN"": pods ""release-name-grafana-test"" is forbidden: error looking up service account default/release-name-grafana-test: serviceaccount ""release-name-grafana-test"" not found",8
"kubectl dry-run failed: The Deployment ""kurl-proxy-kotsadm"" is invalid:  * metadata.labels: Invalid value: ""\\\""true\\\"""": a valid label must be an empty string or consist of alphanumeric characters, '-', '\_' or '.', and must start and end with an alphanumeric character (e.g. 'MyValue',  or 'my\_value',  or '12345', regex used for validation is '(([A-Za-z0-9][-A-Za-z0-9\_.]*)?[A-Za-z0-9])?') * spec.template.labels: Invalid value: ""\\\""true\\\"""": a valid label must be an empty string or consist of alphanumeric characters, '-', '\_' or '.', and must start and end with an alphanumeric character (e.g. 'MyValue',  or 'my\_value',  or '12345', regex used for validation is '(([A-Za-z0-9][-A-Za-z0-9\_.]*)?[A-Za-z0-9])?')",8
"kubectl dry-run failed: The StatefulSet ""nexus3"" is invalid:  * spec.template.spec.containers[0].volumeMounts[0].name: Not found: ""nexus-data"" * spec.template.spec.initContainers[0].volumeMounts[0].name: Not found: ""nexus-data""",8
"kubectl dry-run failed: error: error when retrieving current configuration of: Resource: ""batch/v1, Resource=jobs"", GroupVersionKind: ""batch/v1, Kind=Job"" Name: """", Namespace: ""image-model"" from server for: ""STDIN"": resource name may not be empty",8
"kubectl dry-run failed: The Deployment ""server"" is invalid:  * spec.template.spec.containers[0].resources.requests: Invalid value: ""8Gi"": must be less than or equal to memory limit of 256Mi * spec.template.spec.containers[1].resources.requests: Invalid value: ""8Gi"": must be less than or equal to memory limit of 256Mi",8
"kubectl dry-run failed: The StatefulSet ""hadoop-namenode"" is invalid:  * spec.template.spec.containers[0].volumeMounts[0].name: Not found: ""hadoop-nn-volume"" * spec.template.spec.initContainers[0].volumeMounts[0].name: Not found: ""hadoop-nn-volume""",8
"kubectl dry-run failed: The Pod ""capabilities\_baseline3"" is invalid: metadata.name: Invalid value: ""capabilities\_baseline3"": a lowercase RFC 1123 subdomain must consist of lower case alphanumeric characters, '-' or '.', and must start and end with an alphanumeric character (e.g. 'example.com', regex used for validation is '[a-z0-9]([-a-z0-9]*[a-z0-9])?(\.[a-z0-9]([-a-z0-9]*[a-z0-9])?)*')",8
"kubectl dry-run failed: The StatefulSet ""elasticsearch-master"" is invalid: spec.template.spec.containers[0].volumeMounts[0].name: Not found: ""elasticsearch-master""",7
"kubectl dry-run failed: The StatefulSet ""release-name-postgresql"" is invalid:  * spec.template.spec.containers[0].volumeMounts[1].name: Not found: ""data"" * spec.template.spec.initContainers[0].volumeMounts[0].name: Not found: ""data""",6
"kubectl dry-run failed: The StatefulSet ""release-name-harbor-database"" is invalid:  * spec.template.spec.containers[0].volumeMounts[0].name: Not found: ""database-data"" * spec.template.spec.initContainers[0].volumeMounts[0].name: Not found: ""database-data""",6
"kubectl dry-run failed: The StatefulSet ""consul"" is invalid: spec.template.spec.containers[1].volumeMounts[0].name: Not found: ""data""",6
"kubectl dry-run failed: Error from server (Forbidden): error when creating ""STDIN"": pods ""nginx-privileged"" is forbidden: error looking up service account default/fake-user: serviceaccount ""fake-user"" not found",6
"kubectl dry-run failed: Error from server (BadRequest): error when creating ""STDIN"": DaemonSet in version ""v1"" cannot be handled as a DaemonSet: strict decoding error: unknown field ""spec.template.spec.securityContext.allowPrivilegeEscalation""",5
"kubectl dry-run failed: The StatefulSet ""redis-master"" is invalid: spec.template.spec.containers[0].volumeMounts[0].name: Not found: ""redis-master-volume""",5
"kubectl dry-run failed: The Deployment ""kubernetes-client"" is invalid:  * spec.template.labels: Invalid value: ""<ACUMOS\_SERVICE\_LABEL\_KEY>"": name part must consist of alphanumeric characters, '-', '\_' or '.', and must start and end with an alphanumeric character (e.g. 'MyName',  or 'my.name',  or '123-abc', regex used for validation is '([A-Za-z0-9][-A-Za-z0-9\_.]*)?[A-Za-z0-9]') * spec.template.labels: Invalid value: ""<ACUMOS\_KUBERNETES\_CLIENT\_SERVICE\_LABEL>"": a valid label must be an empty string or consist of alphanumeric characters, '-', '\_' or '.', and must start and end with an alphanumeric character (e.g. 'MyValue',  or 'my\_value',  or '12345', regex used for validation is '(([A-Za-z0-9][-A-Za-z0-9\_.]*)?[A-Za-z0-9])?') * spec.template.spec.affinity.podAntiAffinity.requiredDuringSchedulingIgnoredDuringExecution[0].labelSelector.matchExpressions[0].key: Invalid value: ""<ACUMOS\_SERVICE\_LABEL\_KEY>"": name part must consist of alphanumeric characters, '-', '\_' or '.', and must start and end with an alphanumeric character (e.g. 'MyName',  or 'my.name',  or '123-abc', regex used for validation is '([A-Za-z0-9][-A-Za-z0-9\_.]*)?[A-Za-z0-9]') * spec.template.spec.affinity.podAntiAffinity.requiredDuringSchedulingIgnoredDuringExecution[0].labelSelector.matchExpressions[0].values[0]: Invalid value: ""<ACUMOS\_KUBERNETES\_CLIENT\_SERVICE\_LABEL>"": a valid label must be an empty string or consist of alphanumeric characters, '-', '\_' or '.', and must start and end with an alphanumeric character (e.g. 'MyValue',  or 'my\_value',  or '12345', regex used for validation is '(([A-Za-z0-9][-A-Za-z0-9\_.]*)?[A-Za-z0-9])?')",5
"kubectl dry-run failed: The StatefulSet ""test-\$\{storageClass\}"" is invalid:  * metadata.name: Invalid value: ""test-\$\{storageClass\}"": a lowercase RFC 1123 label must consist of lower case alphanumeric characters or '-', and must start and end with an alphanumeric character (e.g. 'my-name',  or '123-abc', regex used for validation is '[a-z0-9]([-a-z0-9]*[a-z0-9])?') * spec.selector.matchLabels: Invalid value: ""test-\$\{storageClass\}"": a valid label must be an empty string or consist of alphanumeric characters, '-', '\_' or '.', and must start and end with an alphanumeric character (e.g. 'MyValue',  or 'my\_value',  or '12345', regex used for validation is '(([A-Za-z0-9][-A-Za-z0-9\_.]*)?[A-Za-z0-9])?') * spec.selector: Invalid value: \{""matchLabels"":\{""app"":""test-\$\{storageClass\}""\}\}",5
"kubectl dry-run failed: The Job ""process-item-\$ITEM"" is invalid:  * metadata.name: Invalid value: ""process-item-\$ITEM"": a lowercase RFC 1123 subdomain must consist of lower case alphanumeric characters, '-' or '.', and must start and end with an alphanumeric character (e.g. 'example.com', regex used for validation is '[a-z0-9]([-a-z0-9]*[a-z0-9])?(\.[a-z0-9]([-a-z0-9]*[a-z0-9])?)*') * spec.template.labels: Invalid value: ""process-item-\$ITEM"": a valid label must be an empty string or consist of alphanumeric characters, '-', '\_' or '.', and must start and end with an alphanumeric character (e.g. 'MyValue',  or 'my\_value',  or '12345', regex used for validation is '(([A-Za-z0-9][-A-Za-z0-9\_.]*)?[A-Za-z0-9])?')",5
"kubectl dry-run failed: The Deployment ""serviceCenter"" is invalid:  * metadata.name: Invalid value: ""serviceCenter"": a lowercase RFC 1123 subdomain must consist of lower case alphanumeric characters, '-' or '.', and must start and end with an alphanumeric character (e.g. 'example.com', regex used for validation is '[a-z0-9]([-a-z0-9]*[a-z0-9])?(\.[a-z0-9]([-a-z0-9]*[a-z0-9])?)*') * spec.template.spec.containers[0].name: Invalid value: ""serviceCenter"": a lowercase RFC 1123 label must consist of lower case alphanumeric characters or '-', and must start and end with an alphanumeric character (e.g. 'my-name',  or '123-abc', regex used for validation is '[a-z0-9]([-a-z0-9]*[a-z0-9])?')",5
"kubectl dry-run failed: The Deployment ""motive-back-end-deployment"" is invalid: spec.template.spec.containers[0].env[2].valueFrom.secretKeyRef.name: Invalid value: ""\$APP\_DATABASE\_NAME-postgresql"": a lowercase RFC 1123 subdomain must consist of lower case alphanumeric characters, '-' or '.', and must start and end with an alphanumeric character (e.g. 'example.com', regex used for validation is '[a-z0-9]([-a-z0-9]*[a-z0-9])?(\.[a-z0-9]([-a-z0-9]*[a-z0-9])?)*')",5
"kubectl dry-run failed: The Deployment ""controller-manager"" is invalid:  * spec.template.spec.affinity.nodeAffinity.preferredDuringSchedulingIgnoredDuringExecution[0].preference.matchExpressions[0].key: Invalid value: ""\$\{K8S\_CP\_LABEL:=node-role.kubernetes.io/control-plane\}"": prefix part a lowercase RFC 1123 subdomain must consist of lower case alphanumeric characters, '-' or '.', and must start and end with an alphanumeric character (e.g. 'example.com', regex used for validation is '[a-z0-9]([-a-z0-9]*[a-z0-9])?(\.[a-z0-9]([-a-z0-9]*[a-z0-9])?)*') * spec.template.spec.affinity.nodeAffinity.preferredDuringSchedulingIgnoredDuringExecution[0].preference.matchExpressions[0].key: Invalid value: ""\$\{K8S\_CP\_LABEL:=node-role.kubernetes.io/control-plane\}"": name part must consist of alphanumeric characters, '-', '\_' or '.', and must start and end with an alphanumeric character (e.g. 'MyName',  or 'my.name',  or '123-abc', regex used for validation is '([A-Za-z0-9][-A-Za-z0-9\_.]*)?[A-Za-z0-9]')",5
"kubectl dry-run failed: The StatefulSet ""release-name-redis"" is invalid: spec.template.spec.containers[0].volumeMounts[0].name: Not found: ""redis-db""",4
"kubectl dry-run failed: The StatefulSet ""release-name-mariadb"" is invalid: spec.template.spec.containers[0].volumeMounts[0].name: Not found: ""data""",4
"kubectl dry-run failed: The Pod ""component-nodejs-dependence-npm"" is invalid: spec.containers[0].resources.requests: Invalid value: ""4G"": must be less than or equal to memory limit of 256Mi",4
"kubectl dry-run failed: error: error when retrieving current configuration of: Resource: ""batch/v1, Resource=jobs"", GroupVersionKind: ""batch/v1, Kind=Job"" Name: """", Namespace: ""e2e"" from server for: ""STDIN"": resource name may not be empty",4
"kubectl dry-run failed: The Deployment ""openmcp-analytic-engine"" is invalid: spec.template.spec.containers[0].imagePullPolicy: Unsupported value: ""REPLACE\_DOCKERIMAGEPULLPOLICY"": supported values: ""Always"", ""IfNotPresent"", ""Never""",4
"kubectl dry-run failed: The Pod ""dnstest3"" is invalid: spec.containers[0].resources.requests: Invalid value: ""1G"": must be less than or equal to memory limit of 256Mi",4
"kubectl dry-run failed: The Job ""demojob2-workerpool"" is invalid: spec.template.spec.containers[0].resources.requests: Invalid value: ""6"": must be less than or equal to cpu limit of 500m",4
"kubectl dry-run failed: The StatefulSet ""statefulset-blobfuse"" is invalid: spec.template.spec.containers[0].volumeMounts[0].name: Not found: ""persistent-storage""",4
"kubectl dry-run failed: Error from server (Forbidden): error when creating ""STDIN"": pods ""cockroachdb-client-secure"" is forbidden: error looking up service account default/cockroachdb: serviceaccount ""cockroachdb"" not found",4
"kubectl dry-run failed: The Deployment ""web"" is invalid: spec.template.spec.containers[0].resources.requests: Invalid value: ""128Mi"": must be less than or equal to memory limit of 64M",4
"kubectl dry-run failed: The StatefulSet ""eventstore"" is invalid: spec.template.spec.containers[0].volumeMounts[0].name: Not found: ""eventstore-pv-storage""",4
"kubectl dry-run failed: The StatefulSet ""orders-view-app"" is invalid: spec.template.spec.containers[0].volumeMounts[1].name: Not found: ""rocksdb""",4
"kubectl dry-run failed: The Deployment ""notification"" is invalid: spec.template.spec.containers[0].resources.requests: Invalid value: ""300Mi"": must be less than or equal to memory limit of 256Mi",4
"kubectl dry-run failed: Error from server (Forbidden): error when creating ""STDIN"": pods ""dummy-name"" is forbidden: error looking up service account default/RELEASE-NAME-worker-serviceaccount: serviceaccount ""RELEASE-NAME-worker-serviceaccount"" not found",4
"kubectl dry-run failed: The Job ""ca-certificates-(( random.String 5 \""[a-z]\"" ))"" is invalid:  * metadata.name: Invalid value: ""ca-certificates-(( random.String 5 \""[a-z]\"" ))"": a lowercase RFC 1123 subdomain must consist of lower case alphanumeric characters, '-' or '.', and must start and end with an alphanumeric character (e.g. 'example.com', regex used for validation is '[a-z0-9]([-a-z0-9]*[a-z0-9])?(\.[a-z0-9]([-a-z0-9]*[a-z0-9])?)*') * spec.template.labels: Invalid value: ""ca-certificates-(( random.String 5 \""[a-z]\"" ))"": a valid label must be an empty string or consist of alphanumeric characters, '-', '\_' or '.', and must start and end with an alphanumeric character (e.g. 'MyValue',  or 'my\_value',  or '12345', regex used for validation is '(([A-Za-z0-9][-A-Za-z0-9\_.]*)?[A-Za-z0-9])?')",4
"kubectl dry-run failed: The Deployment ""web-app"" is invalid: spec.template.metadata.labels: Invalid value: \{""app"":""myapp""\}: `selector` does not match template `labels`",4
"kubectl dry-run failed: The DaemonSet ""nvidiaheartbeat"" is invalid: spec.template.metadata.labels: Invalid value: \{""nvidiaheartbeat-node"":""pod""\}: `selector` does not match template `labels`",4
"kubectl dry-run failed: The Deployment ""nginx"" is invalid: spec.template.metadata.labels: Invalid value: null: `selector` does not match template `labels`",4
"kubectl dry-run failed: The StatefulSet ""release-name-harbor-redis"" is invalid: spec.template.spec.containers[0].volumeMounts[0].name: Not found: ""data""",3
"kubectl dry-run failed: The StatefulSet ""release-name-vault"" is invalid: spec.template.spec.containers[0].volumeMounts[0].name: Not found: ""data""",3
"kubectl dry-run failed: The Deployment ""release-name-nfs-subdir-external-provisioner"" is invalid:  * spec.template.spec.volumes[0].nfs.server: Required value * spec.template.spec.containers[0].volumeMounts[0].name: Not found: ""nfs-subdir-external-provisioner-root""",3
"kubectl dry-run failed: Error from server (BadRequest): error when creating ""STDIN"": Deployment in version ""v1"" cannot be handled as a Deployment: strict decoding error: unknown field ""spec.template.spec.securityContext.privileged""",3
"kubectl dry-run failed: The StatefulSet ""mongo"" is invalid: spec.template.spec.containers[0].volumeMounts[0].name: Not found: ""mongo-volume""",3
"kubectl dry-run failed: The CronJob ""my-cron-job"" is invalid:  * spec.jobTemplate.spec.template.spec.containers[0].resources.requests: Invalid value: ""100m"": must be less than or equal to cpu limit of 10m * spec.jobTemplate.spec.template.spec.containers[0].resources.requests: Invalid value: ""128Mi"": must be less than or equal to memory limit of 16Mi",3
"kubectl dry-run failed: The Deployment ""fb-user-datastore-api-\{\{ .Values.environmentName \}\}"" is invalid:  * metadata.name: Invalid value: ""fb-user-datastore-api-\{\{ .Values.environmentName \}\}"": a lowercase RFC 1123 subdomain must consist of lower case alphanumeric characters, '-' or '.', and must start and end with an alphanumeric character (e.g. 'example.com', regex used for validation is '[a-z0-9]([-a-z0-9]*[a-z0-9])?(\.[a-z0-9]([-a-z0-9]*[a-z0-9])?)*') * spec.selector.matchLabels: Invalid value: ""fb-user-datastore-api-\{\{ .Values.environmentName \}\}"": a valid label must be an empty string or consist of alphanumeric characters, '-', '\_' or '.', and must start and end with an alphanumeric character (e.g. 'MyValue',  or 'my\_value',  or '12345', regex used for validation is '(([A-Za-z0-9][-A-Za-z0-9\_.]*)?[A-Za-z0-9])?') * spec.selector: Invalid value: \{""matchLabels"":\{""app"":""fb-user-datastore-api-\{\{ .Values.environmentName \}\}""\}\}: invalid label selector",3
"kubectl dry-run failed: The Deployment ""canary-demo"" is invalid: spec.template.spec.containers[0].resources.requests: Invalid value: ""128Mi"": must be less than or equal to memory limit of 128M",3
"kubectl dry-run failed: The CronJob ""pt-1.5-mnist-convergence-v3-8"" is invalid:  * spec.jobTemplate.spec.template.spec.containers[0].resources.requests: Invalid value: ""4500m"": must be less than or equal to cpu limit of 500m * spec.jobTemplate.spec.template.spec.containers[0].resources.requests: Invalid value: ""8Gi"": must be less than or equal to memory limit of 256Mi",3
"kubectl dry-run failed: The Deployment ""notion-gtdls"" is invalid: spec.template.spec.containers[0].resources.requests: Invalid value: ""128Mi"": must be less than or equal to memory limit of 64Mi",3
"kubectl dry-run failed: The StatefulSet ""github-actions-runner-controller-registry"" is invalid: spec.template.spec.containers[0].volumeMounts[0].name: Not found: ""data""",3
"kubectl dry-run failed: The StatefulSet ""release-name-postgresql"" is invalid: spec.template.spec.containers[0].volumeMounts[1].name: Not found: ""data""",2
"kubectl dry-run failed: The StatefulSet ""release-name-alertmanager"" is invalid: spec.template.spec.containers[0].volumeMounts[1].name: Not found: ""storage""",2
"kubectl dry-run failed: The Deployment ""hive-controllers"" is invalid: spec.template.spec.containers[0].resources.requests: Invalid value: ""512Mi"": must be less than or equal to memory limit of 256Mi",2
"kubectl dry-run failed: The Deployment ""flog"" is invalid: spec.template.spec.containers[0].resources.requests: Invalid value: ""128Mi"": must be less than or equal to memory limit of 100Mi",2
"kubectl dry-run failed: Error from server (BadRequest): error when creating ""STDIN"": Job in version ""v1"" cannot be handled as a Job: strict decoding error: unknown field ""spec.template.spec.securityContext.allowPrivilegeEscalation""",2
"kubectl dry-run failed: The Deployment ""sample-app"" is invalid: spec.template.spec.containers[0].resources.requests: Invalid value: ""128Mi"": must be less than or equal to memory limit of 50Mi",2
"kubectl dry-run failed: The StatefulSet ""oxshibboleth"" is invalid: spec.template.metadata.labels: Invalid value: null: `selector` does not match template `labels`",2
"kubectl dry-run failed: The Deployment ""pgbench"" is invalid:  * spec.template.spec.containers[0].resources.requests: Invalid value: ""512m"": must be less than or equal to cpu limit of 500m * spec.template.spec.containers[0].resources.requests: Invalid value: ""512Mi"": must be less than or equal to memory limit of 256Mi",2
"kubectl dry-run failed: The Deployment ""web"" is invalid: spec.template.spec.containers[0].resources.requests: Invalid value: ""128Mi"": must be less than or equal to memory limit of 64Mi",2
"kubectl dry-run failed: error: error when retrieving current configuration of: Resource: ""batch/v1, Resource=jobs"", GroupVersionKind: ""batch/v1, Kind=Job"" Name: """", Namespace: ""jobs"" from server for: ""STDIN"": resource name may not be empty",2
"kubectl dry-run failed: The Deployment ""registry"" is invalid: spec.template.spec.containers[0].resources.requests: Invalid value: ""128Mi"": must be less than or equal to memory limit of 40Mi",2
"kubectl dry-run failed: Error from server (Forbidden): error when creating ""STDIN"": pods ""aws-cli"" is forbidden: error looking up service account default/pod-iam-identity: serviceaccount ""pod-iam-identity"" not found",2
"kubectl dry-run failed: The ReplicationController ""zulip-1"" is invalid: spec.template.spec.containers[0].resources.requests: Invalid value: ""100m"": must be less than or equal to cpu limit of 50m",2
"kubectl dry-run failed: The StatefulSet ""observatorium-xyz-loki-querier"" is invalid: spec.template.spec.containers[0].volumeMounts[1].name: Not found: ""storage""",2
"kubectl dry-run failed: The StatefulSet ""web"" is invalid: spec.template.spec.containers[0].volumeMounts[0].name: Not found: ""www""",2
environment variable STANDARD\_AUTHSERVICE\_CERT\_SECRET\_NAME must use secretKeyRef,2
environment variable WILDCARD\_ENDPOINT\_CERT\_SECRET must use secretKeyRef,2
"kubectl dry-run failed: The StatefulSet ""release-name-postgresql"" is invalid: spec.template.spec.containers[0].volumeMounts[5].name: Not found: ""data""",1
"kubectl dry-run failed: The StatefulSet ""release-name-redis-master"" is invalid: spec.template.spec.containers[0].volumeMounts[3].name: Not found: ""redis-data""",1
"kubectl dry-run failed: The StatefulSet ""release-name-redis-replicas"" is invalid: spec.template.spec.containers[0].volumeMounts[3].name: Not found: ""redis-data""",1
"kubectl dry-run failed: The StatefulSet ""release-name-harbor-trivy"" is invalid: spec.template.spec.containers[0].volumeMounts[0].name: Not found: ""data""",1
"kubectl dry-run failed: The Deployment ""istiod"" is invalid: spec.template.spec.containers[0].resources.requests: Invalid value: ""2Gi"": must be less than or equal to memory limit of 256Mi",1
"kubectl dry-run failed: Error from server (BadRequest): error when creating ""STDIN"": StatefulSet in version ""v1"" cannot be handled as a StatefulSet: strict decoding error: unknown field ""spec.template.spec.securityContext.allowPrivilegeEscalation""",1
"kubectl dry-run failed: Error from server (BadRequest): error when creating ""STDIN"": Pod in version ""v1"" cannot be handled as a Pod: strict decoding error: unknown field ""spec.securityContext.privileged""",1
"kubectl dry-run failed: Error from server (BadRequest): error when creating ""STDIN"": Pod in version ""v1"" cannot be handled as a Pod: strict decoding error: unknown field ""spec.securityContext.capabilities"", unknown field ""spec.securityContext.noAllowPrivilegeEscalation"", unknown field ""spec.securityContext.readOnlyRootFilesystem""",1
environment variable PL\_VIZIER\_IMAGE\_SECRET\_FILE must use secretKeyRef,1
"kubectl dry-run failed: Error from server (BadRequest): error when creating ""STDIN"": Deployment in version ""v1"" cannot be handled as a Deployment: strict decoding error: unknown field ""spec.template.spec.volumes[1].hostPath.emptyDir"", unknown field ""spec.template.spec.volumes[3].hostPath.emptyDir"", unknown field ""spec.template.spec.volumes[4].hostPath.emptyDir"", unknown field ""spec.template.spec.volumes[5].hostPath.emptyDir""",1
environment variable JX\_SECRET\_TMP\_DIR must use secretKeyRef,1
"kubectl dry-run failed: The Deployment ""pgbench"" is invalid:  * spec.template.spec.containers[0].resources.requests: Invalid value: ""512Mi"": must be less than or equal to memory limit of 256Mi * spec.template.spec.containers[0].resources.requests: Invalid value: ""512m"": must be less than or equal to cpu limit of 500m",1
"kubectl dry-run failed: The Deployment ""ueransim-gnb-deployment"" is invalid: spec.template.spec.initContainers[0].volumeMounts[0].name: Not found: ""grpc-sock""",1
"kubectl dry-run failed: Error from server (BadRequest): error when creating ""STDIN"": Pod in version ""v1"" cannot be handled as a Pod: strict decoding error: unknown field ""spec.securityContext.allowPrivilegeEscalation""",1
"kubectl dry-run failed: Error from server (BadRequest): error when creating ""STDIN"": Pod in version ""v1"" cannot be handled as a Pod: strict decoding error: unknown field ""spec.securityContext.allowPrivilegeEscalation"", unknown field ""spec.securityContext.capabilities""",1
environment variable AAA\_SECRET\_DATA\_WITH\_CM\_ENV must use secretKeyRef,1
environment variable AWS\_SECRET\_ACCESS\_KEY must use secretKeyRef,1
"kubectl dry-run failed: Error from server (BadRequest): error when creating ""STDIN"": ReplicationController in version ""v1"" cannot be handled as a ReplicationController: strict decoding error: unknown field ""spec.template.spec.volumes[0].hostPath.emptyDir"", unknown field ""spec.template.spec.volumes[1].hostPath.emptyDir"", unknown field ""spec.template.spec.volumes[2].hostPath.emptyDir""",1
"kubectl dry-run failed: The Pod ""buildkitd"" is invalid: spec.containers[0].securityContext.procMount: Unsupported value: ""ReadOnly"": supported values: ""Default"", ""Unmasked""",1
environment variable NEO4J\_PASSWORD must use secretKeyRef,1
environment variable JWT\_SECRET must use secretKeyRef,1
"kubectl dry-run failed: The Deployment ""dss"" is invalid:  * spec.template.spec.volumes[1].name: Required value * spec.template.spec.containers[2].volumeMounts[0].name: Not found: ""docker-sock""",1
